{
	"palette": {
		"primary": {
			"main": "#000000"
		},
		"secondary": {
			"light": "#347eff",
			"main": "#601b60",
			"contrastText": "#ffcc00"
		}
	},
	"custom": {
		"appBar": {
			"background": "#fff",
			"logo": "/site/public/tenant_themes/coltrain.com/apim/images/custom/logo.svg"
		},
		"listView": {
			"tableHeadBackground": "#fff",
			"tableBodyOddBackgrund": "#f0fff8",
			"tableBodyEvenBackgrund": "#fff"
		},
		"leftMenu": {
			"background": "#d60002ff",
			"leftMenuActive": "#e15d5eff",
			"leftMenuActiveSubmenu": "#7e1919ff",
			"width": 180
		},
		"tagCloud": {
			"colorOptions": {
				"luminosity": "bright"
			},
			"leftMenu": {
				"background": "#d60002ff",
				"color": "#fff",
				"titleBackground": "#e15d5eff",
				"sliderBackground": "#e15d5eff",
				"sliderWidth": 64,
				"sliderColor": "#fff"
			}
		},
		"infoBar": {
			"listGridSelectedColor": "#e15d5eff",
			"starColor": "#95029a",
			"starColorEmpty": "#cfcfcf"
		},
		"footer": {
			"dangerMode": true,
            "footerHTML": "<ul class='list-inline'><li class='list-inline-item'><a href='#'>Home</a></li><li class='list-inline-item'><a href='#'>Services</a></li><li class='list-inline-item'><a href='#'>About</a></li><li class='list-inline-item'><a href='#'>Terms</a></li><li class='list-inline-item'><a href='#'>Privacy Policy</a></li></ul><p class='copyright'>C O L T R A I N © 2024</p>",
			"background": "#ffe7a8",
			"height": 100
		},
		"landingPage": {
			"active": true,
			"activeForAnonymous": true,
			"carousel": {
				"active": true,
				"slides": [
					{
						"src": "/site/public/tenant_themes/coltrain.com/apim/images/custom/landing1.jpg",
						"title": " Welcome to <span>Coltrain</span> official web",
						"content": "Lorem ipsum dolor sit amet, consectetur adipiscing elit. Integer felis lacus, placerat vel condimentum in, porta a urna. Suspendisse dolor diam, vestibulum at molestie dapibus, semper eget ex. Morbi sit amet euismod tortor."
					},
					{
						"src": "/site/public/images/landing/02.jpg",
						"title": "Curabitur <span>malesuada</span> arcu sapien",
						"content": "Curabitur malesuada arcu sapien, suscipit egestas purus efficitur vitae. Etiam vulputate hendrerit venenatis. "
					},
					{
						"src": "/site/public/images/landing/03.jpg",
						"title": "Nam vel ex <span>feugiat</span> nunc laoreet",
						"content": "Nam vel ex feugiat nunc laoreet elementum. Duis sed nibh condimentum, posuere risus a, mollis diam. Vivamus ultricies, augue id pulvinar semper, mauris lorem bibendum urna, eget tincidunt quam ex ut diam."
					}
				]
			}
		},
		"tenantCustomCss": "/site/public/tenant_themes/<tenant-domain>/apim/css/overrides.css"
	}
}