<?xml version="1.0" encoding="UTF-8"?>
<endpoint name="NexusEndpoint" xmlns="http://ws.apache.org/ns/synapse">
    <http method="get" uri-template="http://20.235.64.197:8080/telecom-rest-service/nexus/v1/metrics">
        <suspendOnFailure>
            <initialDuration>-1</initialDuration>
            <progressionFactor>1.0</progressionFactor>
        </suspendOnFailure>
        <markForSuspension>
            <retriesBeforeSuspension>0</retriesBeforeSuspension>
        </markForSuspension>
    </http>
</endpoint>
