{
	"palette": {
		"primary": {
			"main": "#000000"
		},
		"secondary": {
			"light": "#347eff",
			"main": "#601b60",
			"contrastText": "#ffcc00"
		}
	},
	"custom": {
		"appBar": {
			"background": "#fff",
			"logo": "/site/public/tenant_themes/coltrain.com/apim/images/custom/logo.svg"
		},
		"listView": {
			"tableHeadBackground": "#fff",
			"tableBodyOddBackgrund": "#f0fff8",
			"tableBodyEvenBackgrund": "#fff"
		},
		"leftMenu": {
			"background": "#d60002ff",
			"leftMenuActive": "#e15d5eff",
			"leftMenuActiveSubmenu": "#7e1919ff",
			"width": 180
		},
		"tagCloud": {
			"colorOptions": {
				"luminosity": "bright"
			},
			"leftMenu": {
				"background": "#d60002ff",
				"color": "#fff",
				"titleBackground": "#e15d5eff",
				"sliderBackground": "#e15d5eff",
				"sliderWidth": 64,
				"sliderColor": "#fff"
			}
		},
		"infoBar": {
			"listGridSelectedColor": "#e15d5eff",
			"starColor": "#95029a",
			"starColorEmpty": "#cfcfcf"
		},
		"footer": {
			"dangerMode": true,
			"footerHTML": "<ul class='list-inline'><li class='list-inline-item'><a href='#'>Home</a></li><li class='list-inline-item'><a href='#'>Services</a></li><li class='list-inline-item'><a href='#'>About</a></li><li class='list-inline-item'><a href='#'>Terms</a></li><li class='list-inline-item'><a href='#'>Privacy Policy</a></li></ul><p class='copyright'>C O L T R A I N © 2024</p>",
			"background": "#ffe7a8",
			"height": 100
		},
		"landingPage": {
			"active": true,
			"activeForAnonymous": true,
			"carousel": {
				"active": true,
				"slides": [
					{
						"src": "/site/public/tenant_themes/coltrain.com/apim/images/custom/landing1.jpg",
						"title": " Welcome to <span>Coltrain</span> official web",
						"content": "From local trips to cross-country adventures, find info and book train tickets for popular journeys in the country and rest of the world."
					},
					{
						"src": "/site/public/tenant_themes/coltrain.com/apim/images/custom/landing1.jpg",
						"title": " Welcome to <span>Coltrain</span> official web",
						"content": "From local trips to cross-country adventures, find info and book train tickets for popular journeys in the country and rest of the world."
					},
					{
						"src": "/site/public/tenant_themes/coltrain.com/apim/images/custom/landing1.jpg",
						"title": " Welcome to <span>Coltrain</span> official web",
						"content": "From local trips to cross-country adventures, find info and book train tickets for popular journeys in the country and rest of the world."
					}
				]
			},
			"listByTag": {
				"active": true,
				"content": [
					{
						"tag": "train",
						"title": "Checkout our train Information APIs",
						"description": "Trusted seller and official information from hundreds of operators",
						"maxCount": 5
					},
					{
						"tag": "passenger-info",
						"title": "Checkout our Information APIs",
						"description": "From local trips to cross-country adventures, find info and book train tickets for popular journeys in the country and rest of the world.",
						"maxCount": 5
					}
				]
			},
			"parallax": {
				"active": true,
				"content": [
					{
						"src": "/site/public/tenant_themes/coltrain.com/apim/images/custom/landing2.jpg",
						"title": "Track <span>departure</span> times",
						"content": "Keep your trip on track with departure times, platform info, and tickets in the palm of your hand."
					},
					{
						"src": "/site/public/tenant_themes/coltrain.com/apim/images/custom/landing3.jpg",
						"title": "Track <span>departure</span> times",
						"content": "Keep your trip on track with departure times, platform info, and tickets in the palm of your hand."
					}
				]
			},
			"contact": {
				"active": true,
				"contactHTML": "<div><strong>Mailing Address</strong><p><div>787 Castro Street</div><div>Mountain View,</div><div>CA 94041</div></p><div>Tel: +1 650 745 4499 </div><div>Fax: +1 650 584 3894</div></div>"
			}
		},
		"tenantCustomCss": "/site/public/tenant_themes/<tenant-domain>/apim/css/overrides.css"
	}
}